"email","firstName","lastName","postcode","skillset","lookingFor"
,"Ryan","Connaughton","NW3 2XB","Designer/Researcher","Software Developer""email","firstName","lastName","postcode","skillset","lookingFor"
,"Ryan","Connaughton","NW3 2XB","Designer/Researcher","Software Developer""email","firstName","lastName","postcode","skillset","lookingFor"
,"Ryan","Connaughton","NW3 2XB","Designer/Researcher","Software Developer""email","firstName","lastName","postcode","skillset","lookingFor"
,"Ryan","Connaughton","NW3 2XB","Designer/Researcher","Software Developer""email","firstName","lastName","postcode","skillset","lookingFor"
,"Ryan","Connaughton","NW3 2XB","Designer/Researcher","Software Developer""email","firstName","lastName","postcode","skillset","lookingFor"
,"","","","Default","Default""email","firstName","lastName","postcode","skillset","lookingFor"
,"","","","Default","Default""email","firstName","lastName","postcode","skillset","lookingFor"
,"","","","Default","Default""email","firstName","lastName","postcode","skillset","lookingFor"
,"","","","Default","Default""email","firstName","lastName","postcode","skillset","lookingFor"
,"","","","Default","Default""email","firstName","lastName","postcode","skillset","lookingFor"
,"Ryan","Connaughton","NW3 2XB","Designer/Researcher","Software Developer""email","firstName","lastName","postcode","skillset","lookingFor"
,"Ryan","Connaughton","NW3 2XB","Software Developer","Software Developer""email","firstName","lastName","postcode","skillset","lookingFor"
,"Ryan","Connaughton","NW3 2XB","Other","Software Developer""email","firstName","lastName","postcode","skillset","lookingFor"
,"Ryan","Connaughton","NW3 2XB","Software Developer","Software Developer""email","firstName","lastName","postcode","skillset","lookingFor"
,"Ryan","Connaughton","NW3 2XB","Designer/Researcher","Software Developer""email","firstName","lastName","postcode","skillset","lookingFor"
,"","","","Default","Default"